{
  "QWEN 480B": {
    "total_return": 0.7987778858523422,
    "mean_return": 0.006240452233221424,
    "median_return": 0.0,
    "std_return": 0.048718215799256386,
    "positive_returns": 60,
    "negative_returns": 37,
    "zero_returns": 31,
    "best_return": 0.1,
    "worst_return": -0.1448275862068965
  },
  "GPT OSS 120B": {
    "total_return": 1.376839446518778,
    "mean_return": 0.014493046805460822,
    "median_return": 0.0,
    "std_return": 0.06758964364076489,
    "positive_returns": 46,
    "negative_returns": 21,
    "zero_returns": 28,
    "best_return": 0.25714285714285706,
    "worst_return": -0.2
  }
}